{"elapsed_time": 3.232593297958374, "cmd": "/usr/local/bin/sysbench --test=cpu --cpu-max-prime=10000 run", "overhead_ratio": 1.616296648979187e-09}