{"elapsed_time": 3.191572427749634, "cmd": "/usr/local/bin/sysbench --test=cpu --cpu-max-prime=10000 run", "overhead_ratio": 1.595786213874817e-09}