{"elapsed_time": 22.441766023635864, "cmd": "/home/vignesh/Tomacs-2020/spec2006-master/401.bzip2/bzip2 /home/vignesh/Tomacs-2020/spec2006-master/401.bzip2/test/input/dryer.jpg 3", "overhead_ratio": 1.1220883011817932e-10}