{"elapsed_time": 5.3097968101501465, "cmd": "/usr/local/bin/sysbench --test=cpu --cpu-max-prime=10000 run", "overhead_ratio": 2.654898405075073e-09}