{"elapsed_time": 5.209253787994385, "cmd": "/usr/local/bin/sysbench --test=cpu --cpu-max-prime=10000 run", "overhead_ratio": 2.6046268939971922e-09}