{"elapsed_time": 5.361506938934326, "cmd": "/usr/local/bin/sysbench --test=cpu --cpu-max-prime=10000 run", "overhead_ratio": 2.680753469467163e-09}