{"elapsed_time": 5.3709423542022705, "cmd": "/usr/local/bin/sysbench --test=cpu --cpu-max-prime=10000 run", "overhead_ratio": 2.6854711771011353e-09}