{"elapsed_time": 3.5970535278320312, "cmd": "/home/titan/Tomacs-2020/spec2006-master/401.bzip2/bzip2 /home/titan/Tomacs-2020/spec2006-master/401.bzip2/test/input/dryer.jpg 2", "overhead_ratio": 1.7985267639160155e-09}