{"elapsed_time": 3.6542489528656006, "cmd": "/home/titan/Tomacs-2020/spec2006-master/401.bzip2/bzip2 /home/titan/Tomacs-2020/spec2006-master/401.bzip2/test/input/dryer.jpg 2", "overhead_ratio": 1.8271244764328003e-09}