{"elapsed_time": 5.643223285675049, "cmd": "/usr/local/bin/sysbench --max-requests=1 --test=cpu --cpu-max-prime=3000000 run", "overhead_ratio": 2.2572893142700196e-11}