{"elapsed_time": 12.158274412155151, "cmd": "/home/vignesh/Tomacs-2020/spec2006-master/401.bzip2/bzip2 /home/vignesh/Tomacs-2020/spec2006-master/401.bzip2/test/input/dryer.jpg 2", "overhead_ratio": 6.079137206077576e-11}