{"elapsed_time": 39.2242956161499, "cmd": "/home/vignesh/spec2006-master/mmultiply/mmultiply", "overhead_ratio": 3.92242956161499e-10}