{"elapsed_time": 57.0736289024353, "cmd": "/home/vignesh/Tomacs-2020/spec2006-master/458.sjeng/sjeng /home/vignesh/Tomacs-2020/spec2006-master/458.sjeng/ref_c3.txt", "overhead_ratio": 2.853681445121765e-10}