{"elapsed_time": 47.97205924987793, "cmd": "/usr/bin/sysbench --test=cpu --cpu-max-prime=10000 run > /tmp/sysbench.log", "overhead_ratio": 2.3986029624938966e-08}