{"elapsed_time": 48.222875356674194, "cmd": "/usr/bin/sysbench --test=cpu --cpu-max-prime=10000 run > /tmp/sysbench.log", "overhead_ratio": 2.4111437678337098e-08}