{"elapsed_time": 47.89127588272095, "cmd": "/usr/bin/sysbench --test=cpu --cpu-max-prime=10000 run > /tmp/sysbench.log", "overhead_ratio": 2.3945637941360473e-08}