{"elapsed_time": 48.310362100601196, "cmd": "/usr/bin/sysbench --test=cpu --cpu-max-prime=10000 run > /tmp/sysbench.log", "overhead_ratio": 2.4155181050300597e-08}