{"elapsed_time": 23.36040711402893, "cmd": "/home/kronos/Tomacs-2020/spec2006-master/458.sjeng/sjeng_gcc /home/kronos/Tomacs-2020/spec2006-master/458.sjeng/ref_c1.txt", "overhead_ratio": 1.1680203557014466e-08}