{"elapsed_time": 5.0436859130859375, "cmd": "/usr/bin/sysbench --test=cpu --cpu-max-prime=10000 run > /tmp/sysbench.log", "overhead_ratio": 2.5218429565429686e-09}