{"elapsed_time": 5.025487422943115, "cmd": "/usr/bin/sysbench --test=cpu --cpu-max-prime=10000 run > /tmp/sysbench.log", "overhead_ratio": 2.5127437114715576e-09}