{"elapsed_time": 4.9366631507873535, "cmd": "/usr/bin/sysbench --test=cpu --cpu-max-prime=10000 run > /tmp/sysbench.log", "overhead_ratio": 2.4683315753936767e-09}