{"elapsed_time": 16.48259735107422, "cmd": "/usr/bin/sysbench --test=cpu --cpu-max-prime=10000 run > /tmp/sysbench.log", "overhead_ratio": 8.24129867553711e-09}