{"elapsed_time": 16.71439528465271, "cmd": "/usr/bin/sysbench --test=cpu --cpu-max-prime=10000 run > /tmp/sysbench.log", "overhead_ratio": 8.357197642326356e-09}