{"elapsed_time": 16.01752805709839, "cmd": "/usr/bin/sysbench --test=cpu --cpu-max-prime=10000 run > /tmp/sysbench.log", "overhead_ratio": 8.008764028549194e-09}