{"elapsed_time": 16.691994667053223, "cmd": "/usr/bin/sysbench --test=cpu --cpu-max-prime=10000 run > /tmp/sysbench.log", "overhead_ratio": 8.345997333526611e-09}