{"elapsed_time": 88.49740624427795, "cmd": "/home/vignesh/Tomacs-2020/spec2006-master/464.h264ref/h264ref -d /home/vignesh/Tomacs-2020/spec2006-master/464.h264ref/h264ref_c2.cfg", "overhead_ratio": 3.5398962497711183e-10}