{"elapsed_time": 158.65056228637695, "cmd": "/home/kronos/Tomacs-2020/spec2006-master/464.h264ref/h264ref_gcc -d /home/kronos/Tomacs-2020/spec2006-master/464.h264ref/h264ref_c1.cfg", "overhead_ratio": 1.5865056228637695e-07}