{"elapsed_time": 113.89183235168457, "cmd": "/home/vignesh/Tomacs-2020/spec2006-master/458.sjeng/sjeng /home/vignesh/Tomacs-2020/spec2006-master/458.sjeng/ref_c2.txt", "overhead_ratio": 3.796394411722819e-10}