{"elapsed_time": 80.78225755691528, "cmd": "/home/titan/Tomacs-2020/spec2006-master/401.bzip2/bzip2 /home/titan/Tomacs-2020/spec2006-master/401.bzip2/test/input/dryer.jpg 2", "overhead_ratio": 8.078225755691528e-09}