{"elapsed_time": 48.59116864204407, "cmd": "/usr/bin/sysbench --test=cpu --cpu-max-prime=10000 run > /tmp/sysbench.log", "overhead_ratio": 2.4295584321022034e-08}