{"elapsed_time": 100.84357571601868, "cmd": "/home/titan/Tomacs-2020/spec2006-master/458.sjeng/sjeng /home/titan/Tomacs-2020/spec2006-master/458.sjeng/ref_c1.txt", "overhead_ratio": 1.0084357571601868e-07}