{"elapsed_time": 102.49187922477722, "cmd": "/home/kronos/Tomacs-2020/spec2006-master/464.h264ref/h264ref_gcc -d /home/kronos/Tomacs-2020/spec2006-master/464.h264ref/h264ref_c1.cfg", "overhead_ratio": 1.0249187922477723e-07}