{"elapsed_time": 5.696211099624634, "cmd": "/usr/local/bin/sysbench --test=cpu --cpu-max-prime=10000 run", "overhead_ratio": 2.848105549812317e-09}