{"elapsed_time": 5.63705587387085, "cmd": "/usr/local/bin/sysbench --test=cpu --cpu-max-prime=10000 run", "overhead_ratio": 2.818527936935425e-09}