{"elapsed_time": 8.099079132080078, "cmd": "/usr/bin/sysbench --test=cpu --cpu-max-prime=10000 run > /tmp/sysbench.log", "overhead_ratio": 4.049539566040039e-09}