{"elapsed_time": 8.242666959762573, "cmd": "/usr/bin/sysbench --test=cpu --cpu-max-prime=10000 run > /tmp/sysbench.log", "overhead_ratio": 4.1213334798812864e-09}