{"elapsed_time": 3.5324997901916504, "cmd": "/home/titan/Tomacs-2020/spec2006-master/458.sjeng/sjeng /home/titan/Tomacs-2020/spec2006-master/458.sjeng/ref_c1.txt", "overhead_ratio": 1.7662498950958252e-09}