{"elapsed_time": 2.405407667160034, "cmd": "/usr/local/bin/sysbench --max-requests=1 --test=cpu --cpu-max-prime=1000000 run", "overhead_ratio": 9.621630668640136e-12}