{"elapsed_time": 3.7815418243408203, "cmd": "/usr/local/bin/sysbench --max-requests=1 --test=cpu --cpu-max-prime=2000000 run", "overhead_ratio": 1.5126167297363282e-11}