{"elapsed_time": 72.67253255844116, "cmd": "/home/kronos/Tomacs-2020/spec2006-master/401.bzip2/bzip2_gcc /home/kronos/Tomacs-2020/spec2006-master/401.bzip2/test/input/dryer.jpg 2", "overhead_ratio": 3.633626627922058e-08}