{"elapsed_time": 73.11516308784485, "cmd": "/home/kronos/Tomacs-2020/spec2006-master/401.bzip2/bzip2_gcc /home/kronos/Tomacs-2020/spec2006-master/401.bzip2/test/input/dryer.jpg 2", "overhead_ratio": 3.655758154392242e-08}