{"elapsed_time": 123.40711379051208, "cmd": "/home/vignesh/Tomacs-2020/spec2006-master/458.sjeng/sjeng /home/vignesh/Tomacs-2020/spec2006-master/458.sjeng/ref_c2.txt", "overhead_ratio": 6.170355689525604e-10}