{"elapsed_time": 36.5318124294281, "cmd": "/usr/bin/sysbench --test=cpu --cpu-max-prime=10000 run > /tmp/sysbench.log", "overhead_ratio": 1.826590621471405e-08}