{"elapsed_time": 36.80566072463989, "cmd": "/usr/bin/sysbench --test=cpu --cpu-max-prime=10000 run > /tmp/sysbench.log", "overhead_ratio": 1.8402830362319946e-08}