{"elapsed_time": 36.66714906692505, "cmd": "/usr/bin/sysbench --test=cpu --cpu-max-prime=10000 run > /tmp/sysbench.log", "overhead_ratio": 1.8333574533462525e-08}