{"elapsed_time": 26.15685534477234, "cmd": "/home/vignesh/Tomacs-2020/spec2006-master/401.bzip2/bzip2 /home/vignesh/Tomacs-2020/spec2006-master/401.bzip2/test/input/dryer.jpg 4", "overhead_ratio": 1.0462742137908936e-10}