{"elapsed_time": 102.25499176979065, "cmd": "/usr/local/bin/sysbench --test=cpu --cpu-max-prime=10000 run", "overhead_ratio": 1.0225499176979065e-07}