{"elapsed_time": 102.58450603485107, "cmd": "/usr/local/bin/sysbench --test=cpu --cpu-max-prime=10000 run", "overhead_ratio": 1.0258450603485107e-07}