{"elapsed_time": 102.13094639778137, "cmd": "/usr/local/bin/sysbench --test=cpu --cpu-max-prime=10000 run", "overhead_ratio": 1.0213094639778137e-07}