{"elapsed_time": 102.38435435295105, "cmd": "/usr/local/bin/sysbench --test=cpu --cpu-max-prime=10000 run", "overhead_ratio": 1.0238435435295104e-07}