{"elapsed_time": 17.661962509155273, "cmd": "/usr/bin/sysbench --test=cpu --cpu-max-prime=10000 run > /tmp/sysbench.log", "overhead_ratio": 8.830981254577637e-09}