{"elapsed_time": 17.59969997406006, "cmd": "/usr/bin/sysbench --test=cpu --cpu-max-prime=10000 run > /tmp/sysbench.log", "overhead_ratio": 8.79984998703003e-09}