{"elapsed_time": 17.394206762313843, "cmd": "/usr/bin/sysbench --test=cpu --cpu-max-prime=10000 run > /tmp/sysbench.log", "overhead_ratio": 8.697103381156922e-09}