{"elapsed_time": 20.287824392318726, "cmd": "/usr/local/bin/sysbench --test=cpu --cpu-max-prime=10000 run", "overhead_ratio": 1.0143912196159362e-08}