{"elapsed_time": 20.42685341835022, "cmd": "/usr/local/bin/sysbench --test=cpu --cpu-max-prime=10000 run", "overhead_ratio": 1.021342670917511e-08}