{"elapsed_time": 20.51368999481201, "cmd": "/usr/local/bin/sysbench --test=cpu --cpu-max-prime=10000 run", "overhead_ratio": 1.0256844997406005e-08}