{"elapsed_time": 20.377976417541504, "cmd": "/usr/local/bin/sysbench --test=cpu --cpu-max-prime=10000 run", "overhead_ratio": 1.0188988208770752e-08}