{"elapsed_time": 20.207345247268677, "cmd": "/usr/local/bin/sysbench --test=cpu --cpu-max-prime=10000 run", "overhead_ratio": 1.0103672623634339e-08}