{"elapsed_time": 19.991012573242188, "cmd": "/home/titan/Tomacs-2020/spec2006-master/401.bzip2/bzip2 /home/titan/Tomacs-2020/spec2006-master/401.bzip2/test/input/dryer.jpg 2", "overhead_ratio": 9.995506286621094e-09}