{"elapsed_time": 3.576909065246582, "cmd": "/usr/local/bin/sysbench --test=cpu --cpu-max-prime=10000 run", "overhead_ratio": 1.7884545326232911e-09}