{"elapsed_time": 3.5916802883148193, "cmd": "/usr/local/bin/sysbench --test=cpu --cpu-max-prime=10000 run", "overhead_ratio": 1.7958401441574096e-09}