{"elapsed_time": 3.605490207672119, "cmd": "/usr/local/bin/sysbench --test=cpu --cpu-max-prime=10000 run", "overhead_ratio": 1.8027451038360595e-09}