{"elapsed_time": 5.480433225631714, "cmd": "/usr/local/bin/sysbench --max-requests=1 --test=cpu --cpu-max-prime=3000000 run", "overhead_ratio": 2.740216612815857e-11}