{"elapsed_time": 3.5878493785858154, "cmd": "/usr/local/bin/sysbench --test=cpu --cpu-max-prime=10000 run", "overhead_ratio": 1.7939246892929078e-09}