{"elapsed_time": 4.468146324157715, "cmd": "/usr/bin/sysbench --test=cpu --cpu-max-prime=10000 run > /tmp/sysbench.log", "overhead_ratio": 2.2340731620788574e-09}