{"elapsed_time": 4.452001571655273, "cmd": "/usr/bin/sysbench --test=cpu --cpu-max-prime=10000 run > /tmp/sysbench.log", "overhead_ratio": 2.226000785827637e-09}