{"elapsed_time": 42.961591958999634, "cmd": "/home/titan/Tomacs-2020/spec2006-master/401.bzip2/bzip2 /home/titan/Tomacs-2020/spec2006-master/401.bzip2/test/input/dryer.jpg 2", "overhead_ratio": 4.296159195899963e-09}