{"elapsed_time": 88.26400399208069, "cmd": "/home/vignesh/Tomacs-2020/spec2006-master/464.h264ref/h264ref -d /home/vignesh/Tomacs-2020/spec2006-master/464.h264ref/h264ref_c2.cfg", "overhead_ratio": 4.4132001996040345e-10}