{"elapsed_time": 20.320116996765137, "cmd": "/home/titan/Tomacs-2020/spec2006-master/464.h264ref/h264ref -d /home/titan/Tomacs-2020/spec2006-master/464.h264ref/h264ref_c1.cfg", "overhead_ratio": 1.0160058498382568e-08}