{"elapsed_time": 17.80234980583191, "cmd": "/home/vignesh/Tomacs-2020/spec2006-master/401.bzip2/bzip2 /home/vignesh/Tomacs-2020/spec2006-master/401.bzip2/test/input/dryer.jpg 3", "overhead_ratio": 8.901174902915954e-11}