{"elapsed_time": 2.4111099243164062, "cmd": "/home/kronos/Tomacs-2020/spec2006-master/458.sjeng/sjeng_gcc /home/kronos/Tomacs-2020/spec2006-master/458.sjeng/ref_c1.txt", "overhead_ratio": 1.2055549621582031e-09}