{"elapsed_time": 26.899096727371216, "cmd": "/home/vignesh/Tomacs-2020/spec2006-master/401.bzip2/bzip2 /home/vignesh/Tomacs-2020/spec2006-master/401.bzip2/test/input/dryer.jpg 4", "overhead_ratio": 8.966365575790406e-11}