{"elapsed_time": 7.8338782787323, "cmd": "/usr/local/bin/sysbench --test=cpu --cpu-max-prime=5000 run", "overhead_ratio": 7.8338782787323e-10}