{"elapsed_time": 106.51960873603821, "cmd": "/home/vignesh/Tomacs-2020/spec2006-master/464.h264ref/h264ref -d /home/vignesh/Tomacs-2020/spec2006-master/464.h264ref/h264ref_c3.cfg", "overhead_ratio": 4.2607843494415285e-10}