{"elapsed_time": 23.850353240966797, "cmd": "/home/vignesh/Tomacs-2020/spec2006-master/401.bzip2/bzip2 /home/vignesh/Tomacs-2020/spec2006-master/401.bzip2/test/input/dryer.jpg 4", "overhead_ratio": 1.1925176620483399e-10}