{"elapsed_time": 20.1685471534729, "cmd": "/usr/local/bin/sysbench --test=cpu --cpu-max-prime=10000 run", "overhead_ratio": 1.0084273576736451e-08}