{"elapsed_time": 19.99829626083374, "cmd": "/usr/local/bin/sysbench --test=cpu --cpu-max-prime=10000 run", "overhead_ratio": 9.99914813041687e-09}