{"elapsed_time": 20.807342529296875, "cmd": "/usr/local/bin/sysbench --test=cpu --cpu-max-prime=10000 run", "overhead_ratio": 1.0403671264648438e-08}