{"elapsed_time": 20.226349592208862, "cmd": "/usr/local/bin/sysbench --test=cpu --cpu-max-prime=10000 run", "overhead_ratio": 1.0113174796104431e-08}