{"elapsed_time": 3.486422538757324, "cmd": "/usr/local/bin/sysbench --max-requests=1 --test=cpu --cpu-max-prime=2000000 run", "overhead_ratio": 1.743211269378662e-11}