{"elapsed_time": 5.012962579727173, "cmd": "/usr/bin/sysbench --test=cpu --cpu-max-prime=10000 run > /tmp/sysbench.log", "overhead_ratio": 2.5064812898635863e-09}