{"elapsed_time": 5.011868000030518, "cmd": "/usr/bin/sysbench --test=cpu --cpu-max-prime=10000 run > /tmp/sysbench.log", "overhead_ratio": 2.505934000015259e-09}