{"elapsed_time": 18.96085286140442, "cmd": "/usr/bin/sysbench --test=cpu --cpu-max-prime=10000 run > /tmp/sysbench.log", "overhead_ratio": 9.48042643070221e-09}