{"elapsed_time": 36.72350096702576, "cmd": "/usr/bin/sysbench --test=cpu --cpu-max-prime=10000 run > /tmp/sysbench.log", "overhead_ratio": 1.836175048351288e-08}