{"elapsed_time": 37.111459255218506, "cmd": "/usr/bin/sysbench --test=cpu --cpu-max-prime=10000 run > /tmp/sysbench.log", "overhead_ratio": 1.855572962760925e-08}