{"elapsed_time": 18.044939517974854, "cmd": "/usr/bin/sysbench --test=cpu --cpu-max-prime=10000 run > /tmp/sysbench.log", "overhead_ratio": 9.022469758987426e-09}