{"elapsed_time": 17.67336940765381, "cmd": "/usr/bin/sysbench --test=cpu --cpu-max-prime=10000 run > /tmp/sysbench.log", "overhead_ratio": 8.836684703826904e-09}