{"elapsed_time": 87.90775942802429, "cmd": "/home/vignesh/Tomacs-2020/spec2006-master/464.h264ref/h264ref -d /home/vignesh/Tomacs-2020/spec2006-master/464.h264ref/h264ref_c2.cfg", "overhead_ratio": 2.9302586476008097e-10}