{"elapsed_time": 2.58188796043396, "cmd": "/home/titan/Tomacs-2020/spec2006-master/464.h264ref/h264ref -d /home/titan/Tomacs-2020/spec2006-master/464.h264ref/h264ref_c1.cfg", "overhead_ratio": 1.29094398021698e-09}