{"elapsed_time": 97.97799634933472, "cmd": "/usr/local/bin/sysbench --test=cpu --cpu-max-prime=10000 run", "overhead_ratio": 9.797799634933472e-08}