{"elapsed_time": 20.084413528442383, "cmd": "/home/vignesh/Tomacs-2020/spec2006-master/401.bzip2/bzip2 /home/vignesh/Tomacs-2020/spec2006-master/401.bzip2/test/input/dryer.jpg 3", "overhead_ratio": 6.694804509480794e-11}