{"elapsed_time": 7.93670129776001, "cmd": "/usr/local/bin/sysbench --test=cpu --cpu-max-prime=5000 run", "overhead_ratio": 7.93670129776001e-10}