{"elapsed_time": 3.290508985519409, "cmd": "/usr/local/bin/sysbench --test=cpu --cpu-max-prime=10000 run", "overhead_ratio": 1.6452544927597045e-09}