{"elapsed_time": 3.2897555828094482, "cmd": "/usr/local/bin/sysbench --test=cpu --cpu-max-prime=10000 run", "overhead_ratio": 1.6448777914047242e-09}