{"elapsed_time": 5.204804182052612, "cmd": "/usr/local/bin/sysbench --max-requests=1 --test=cpu --cpu-max-prime=3000000 run", "overhead_ratio": 2.602402091026306e-11}