{"elapsed_time": 35.30131959915161, "cmd": "/home/kronos/Tomacs-2020/spec2006-master/401.bzip2/bzip2_gcc /home/kronos/Tomacs-2020/spec2006-master/401.bzip2/test/input/dryer.jpg 2", "overhead_ratio": 1.7650659799575806e-08}