{"elapsed_time": 74.98099160194397, "cmd": "/home/vignesh/Tomacs-2020/spec2006-master/464.h264ref/h264ref -d /home/vignesh/Tomacs-2020/spec2006-master/464.h264ref/h264ref_c1.cfg", "overhead_ratio": 2.9992396640777586e-10}