{"elapsed_time": 14.267103672027588, "cmd": "/usr/bin/sysbench --test=cpu --cpu-max-prime=10000 run > /tmp/sysbench.log", "overhead_ratio": 7.133551836013794e-09}