{"elapsed_time": 4.448773145675659, "cmd": "/usr/bin/sysbench --test=cpu --cpu-max-prime=10000 run > /tmp/sysbench.log", "overhead_ratio": 2.2243865728378294e-09}