{"elapsed_time": 98.1719982624054, "cmd": "/usr/local/bin/sysbench --test=cpu --cpu-max-prime=10000 run", "overhead_ratio": 9.81719982624054e-08}