{"elapsed_time": 101.86970615386963, "cmd": "/usr/local/bin/sysbench --test=cpu --cpu-max-prime=10000 run", "overhead_ratio": 1.0186970615386963e-07}