{"elapsed_time": 103.70182800292969, "cmd": "/usr/local/bin/sysbench --test=cpu --cpu-max-prime=10000 run", "overhead_ratio": 1.0370182800292968e-07}