{"elapsed_time": 55.09791922569275, "cmd": "/home/vignesh/Tomacs-2020/spec2006-master/458.sjeng/sjeng /home/vignesh/Tomacs-2020/spec2006-master/458.sjeng/ref_c3.txt", "overhead_ratio": 2.20391676902771e-10}