{"elapsed_time": 101.95973086357117, "cmd": "/home/vignesh/Tomacs-2020/spec2006-master/458.sjeng/sjeng /home/vignesh/Tomacs-2020/spec2006-master/458.sjeng/ref_c2.txt", "overhead_ratio": 5.097986543178558e-10}