{"elapsed_time": 11.85793161392212, "cmd": "/home/kronos/Tomacs-2020/spec2006-master/401.bzip2/bzip2_gcc /home/kronos/Tomacs-2020/spec2006-master/401.bzip2/test/input/dryer.jpg 2", "overhead_ratio": 5.928965806961059e-09}