{"elapsed_time": 106.69929099082947, "cmd": "/usr/bin/sysbench --test=cpu --cpu-max-prime=7000 run > /tmp/sysbench.log", "overhead_ratio": 1.0669929099082947e-07}