{"elapsed_time": 105.7260160446167, "cmd": "/usr/bin/sysbench --test=cpu --cpu-max-prime=7000 run > /tmp/sysbench.log", "overhead_ratio": 1.057260160446167e-07}