{"elapsed_time": 107.02905106544495, "cmd": "/usr/bin/sysbench --test=cpu --cpu-max-prime=7000 run > /tmp/sysbench.log", "overhead_ratio": 1.0702905106544494e-07}