{"elapsed_time": 105.39433550834656, "cmd": "/usr/bin/sysbench --test=cpu --cpu-max-prime=7000 run > /tmp/sysbench.log", "overhead_ratio": 1.0539433550834655e-07}