{"elapsed_time": 53.01030230522156, "cmd": "/home/vignesh/Tomacs-2020/spec2006-master/458.sjeng/sjeng /home/vignesh/Tomacs-2020/spec2006-master/458.sjeng/ref_c3.txt", "overhead_ratio": 1.7670100768407187e-10}