{"elapsed_time": 47.0376935005188, "cmd": "/home/vignesh/Tomacs-2020/spec2006-master/458.sjeng/sjeng /home/vignesh/Tomacs-2020/spec2006-master/458.sjeng/ref_c3.txt", "overhead_ratio": 2.35188467502594e-10}