{"elapsed_time": 104.48600816726685, "cmd": "/usr/bin/sysbench --test=cpu --cpu-max-prime=7000 run > /tmp/sysbench.log", "overhead_ratio": 1.0448600816726684e-07}