{"elapsed_time": 101.82905983924866, "cmd": "/usr/local/bin/sysbench --test=cpu --cpu-max-prime=10000 run", "overhead_ratio": 1.0182905983924866e-07}