{"elapsed_time": 97.26880383491516, "cmd": "/usr/local/bin/sysbench --test=cpu --cpu-max-prime=10000 run", "overhead_ratio": 9.726880383491516e-08}