{"elapsed_time": 121.85340690612793, "cmd": "/home/vignesh/Tomacs-2020/spec2006-master/458.sjeng/sjeng /home/vignesh/Tomacs-2020/spec2006-master/458.sjeng/ref_c2.txt", "overhead_ratio": 4.874136276245117e-10}