{"elapsed_time": 5.313443422317505, "cmd": "/usr/local/bin/sysbench --max-requests=1 --test=cpu --cpu-max-prime=3000000 run", "overhead_ratio": 2.6567217111587525e-11}