{"elapsed_time": 13.439671516418457, "cmd": "/home/vignesh/Tomacs-2020/spec2006-master/401.bzip2/bzip2 /home/vignesh/Tomacs-2020/spec2006-master/401.bzip2/test/input/dryer.jpg 2", "overhead_ratio": 5.3758686065673825e-11}