{"elapsed_time": 30.513041257858276, "cmd": "/home/vignesh/Tomacs-2020/spec2006-master/401.bzip2/bzip2 /home/vignesh/Tomacs-2020/spec2006-master/401.bzip2/test/input/dryer.jpg 4", "overhead_ratio": 1.5256520628929138e-10}