{"elapsed_time": 4.485978841781616, "cmd": "/home/kronos/Tomacs-2020/spec2006-master/458.sjeng/sjeng_gcc /home/kronos/Tomacs-2020/spec2006-master/458.sjeng/ref_c1.txt", "overhead_ratio": 2.242989420890808e-09}