{"elapsed_time": 1.8875770568847656, "cmd": "/usr/local/bin/sysbench --max-requests=1 --test=cpu --cpu-max-prime=1000000 run", "overhead_ratio": 9.437885284423828e-12}