{"elapsed_time": 87.98911905288696, "cmd": "/home/titan/Tomacs-2020/spec2006-master/464.h264ref/h264ref -d /home/titan/Tomacs-2020/spec2006-master/464.h264ref/h264ref_c1.cfg", "overhead_ratio": 8.798911905288697e-08}