{"elapsed_time": 96.76204061508179, "cmd": "/home/titan/Tomacs-2020/spec2006-master/464.h264ref/h264ref -d /home/titan/Tomacs-2020/spec2006-master/464.h264ref/h264ref_c1.cfg", "overhead_ratio": 9.676204061508179e-08}