{"elapsed_time": 96.38596057891846, "cmd": "/home/vignesh/Tomacs-2020/spec2006-master/464.h264ref/h264ref -d /home/vignesh/Tomacs-2020/spec2006-master/464.h264ref/h264ref_c3.cfg", "overhead_ratio": 4.819298028945923e-10}