{"elapsed_time": 19.988688707351685, "cmd": "/home/vignesh/Tomacs-2020/spec2006-master/401.bzip2/bzip2 /home/vignesh/Tomacs-2020/spec2006-master/401.bzip2/test/input/dryer.jpg 3", "overhead_ratio": 7.995475482940673e-11}