{"elapsed_time": 8.356647253036499, "cmd": "/usr/bin/sysbench --test=cpu --cpu-max-prime=10000 run > /tmp/sysbench.log", "overhead_ratio": 4.17832362651825e-09}