{"elapsed_time": 8.216401815414429, "cmd": "/usr/bin/sysbench --test=cpu --cpu-max-prime=10000 run > /tmp/sysbench.log", "overhead_ratio": 4.108200907707215e-09}