{"elapsed_time": 8.358370065689087, "cmd": "/usr/bin/sysbench --test=cpu --cpu-max-prime=10000 run > /tmp/sysbench.log", "overhead_ratio": 4.179185032844544e-09}