{"elapsed_time": 41.48041892051697, "cmd": "/usr/bin/sysbench --test=cpu --cpu-max-prime=10000 run > /tmp/sysbench.log", "overhead_ratio": 2.0740209460258483e-08}