{"elapsed_time": 41.25885319709778, "cmd": "/usr/bin/sysbench --test=cpu --cpu-max-prime=10000 run > /tmp/sysbench.log", "overhead_ratio": 2.062942659854889e-08}