{"elapsed_time": 103.01468110084534, "cmd": "/home/titan/Tomacs-2020/spec2006-master/458.sjeng/sjeng /home/titan/Tomacs-2020/spec2006-master/458.sjeng/ref_c1.txt", "overhead_ratio": 1.0301468110084534e-07}