{"elapsed_time": 12.930993795394897, "cmd": "/usr/bin/sysbench --test=cpu --cpu-max-prime=10000 run > /tmp/sysbench.log", "overhead_ratio": 6.465496897697448e-09}