{"elapsed_time": 41.332005739212036, "cmd": "/usr/bin/sysbench --test=cpu --cpu-max-prime=10000 run > /tmp/sysbench.log", "overhead_ratio": 2.0666002869606017e-08}