{"elapsed_time": 41.450486183166504, "cmd": "/usr/bin/sysbench --test=cpu --cpu-max-prime=10000 run > /tmp/sysbench.log", "overhead_ratio": 2.072524309158325e-08}