{"elapsed_time": 41.20024847984314, "cmd": "/usr/bin/sysbench --test=cpu --cpu-max-prime=10000 run > /tmp/sysbench.log", "overhead_ratio": 2.060012423992157e-08}