{"elapsed_time": 113.18839287757874, "cmd": "/home/kronos/Tomacs-2020/spec2006-master/464.h264ref/h264ref_gcc -d /home/kronos/Tomacs-2020/spec2006-master/464.h264ref/h264ref_c1.cfg", "overhead_ratio": 1.1318839287757873e-07}