{"elapsed_time": 226.52811694145203, "cmd": "/usr/bin/sysbench --test=cpu --cpu-max-prime=10000 run > /tmp/sysbench.log", "overhead_ratio": 2.2652811694145203e-07}