{"elapsed_time": 222.77557468414307, "cmd": "/usr/bin/sysbench --test=cpu --cpu-max-prime=10000 run > /tmp/sysbench.log", "overhead_ratio": 2.2277557468414306e-07}