{"elapsed_time": 223.06270670890808, "cmd": "/usr/bin/sysbench --test=cpu --cpu-max-prime=10000 run > /tmp/sysbench.log", "overhead_ratio": 2.230627067089081e-07}