{"elapsed_time": 11.328580617904663, "cmd": "/home/titan/Tomacs-2020/spec2006-master/mmultiply/mmultiply", "overhead_ratio": 1.1328580617904663e-09}