{"elapsed_time": 2.1072609424591064, "cmd": "/usr/local/bin/sysbench --max-requests=1 --test=cpu --cpu-max-prime=1000000 run", "overhead_ratio": 1.0536304712295532e-11}