{"elapsed_time": 22.889925003051758, "cmd": "/usr/bin/sysbench --test=cpu --cpu-max-prime=10000 run > /tmp/sysbench.log", "overhead_ratio": 1.1444962501525879e-08}