{"elapsed_time": 22.994754552841187, "cmd": "/usr/bin/sysbench --test=cpu --cpu-max-prime=10000 run > /tmp/sysbench.log", "overhead_ratio": 1.1497377276420593e-08}