{"elapsed_time": 22.790163040161133, "cmd": "/usr/bin/sysbench --test=cpu --cpu-max-prime=10000 run > /tmp/sysbench.log", "overhead_ratio": 1.1395081520080567e-08}