{"elapsed_time": 22.82248616218567, "cmd": "/usr/bin/sysbench --test=cpu --cpu-max-prime=10000 run > /tmp/sysbench.log", "overhead_ratio": 1.1411243081092835e-08}