{"elapsed_time": 80.76591396331787, "cmd": "/home/vignesh/Tomacs-2020/spec2006-master/464.h264ref/h264ref -d /home/vignesh/Tomacs-2020/spec2006-master/464.h264ref/h264ref_c2.cfg", "overhead_ratio": 4.0382956981658933e-10}