{"elapsed_time": 5.6738152503967285, "cmd": "/usr/local/bin/sysbench --test=cpu --cpu-max-prime=10000 run", "overhead_ratio": 2.836907625198364e-09}