{"elapsed_time": 5.630738735198975, "cmd": "/usr/local/bin/sysbench --test=cpu --cpu-max-prime=10000 run", "overhead_ratio": 2.8153693675994874e-09}