{"elapsed_time": 5.676318883895874, "cmd": "/usr/local/bin/sysbench --test=cpu --cpu-max-prime=10000 run", "overhead_ratio": 2.838159441947937e-09}