{"elapsed_time": 24.14434576034546, "cmd": "/home/kronos/Tomacs-2020/spec2006-master/458.sjeng/sjeng_gcc /home/kronos/Tomacs-2020/spec2006-master/458.sjeng/ref_c1.txt", "overhead_ratio": 1.207217288017273e-08}