{"elapsed_time": 3.2374250888824463, "cmd": "/usr/local/bin/sysbench --test=cpu --cpu-max-prime=10000 run", "overhead_ratio": 1.6187125444412231e-09}