{"elapsed_time": 3.2331292629241943, "cmd": "/usr/local/bin/sysbench --test=cpu --cpu-max-prime=10000 run", "overhead_ratio": 1.6165646314620972e-09}