{"elapsed_time": 3.2330398559570312, "cmd": "/usr/local/bin/sysbench --test=cpu --cpu-max-prime=10000 run", "overhead_ratio": 1.6165199279785156e-09}