{"elapsed_time": 16.178646564483643, "cmd": "/usr/bin/sysbench --test=cpu --cpu-max-prime=10000 run > /tmp/sysbench.log", "overhead_ratio": 8.089323282241821e-09}