{"elapsed_time": 224.52852368354797, "cmd": "/usr/bin/sysbench --test=cpu --cpu-max-prime=10000 run > /tmp/sysbench.log", "overhead_ratio": 2.2452852368354797e-07}