{"elapsed_time": 19.452658653259277, "cmd": "/home/titan/Tomacs-2020/spec2006-master/458.sjeng/sjeng /home/titan/Tomacs-2020/spec2006-master/458.sjeng/ref_c1.txt", "overhead_ratio": 9.726329326629638e-09}