{"elapsed_time": 20.31518840789795, "cmd": "/home/titan/Tomacs-2020/spec2006-master/458.sjeng/sjeng /home/titan/Tomacs-2020/spec2006-master/458.sjeng/ref_c1.txt", "overhead_ratio": 1.0157594203948974e-08}