{"elapsed_time": 105.774729013443, "cmd": "/home/vignesh/Tomacs-2020/spec2006-master/464.h264ref/h264ref -d /home/vignesh/Tomacs-2020/spec2006-master/464.h264ref/h264ref_c3.cfg", "overhead_ratio": 3.5258243004481e-10}