{"elapsed_time": 2.951077461242676, "cmd": "/usr/local/bin/sysbench --test=cpu --cpu-max-prime=10000 run", "overhead_ratio": 1.475538730621338e-09}