{"elapsed_time": 2.931347608566284, "cmd": "/usr/local/bin/sysbench --test=cpu --cpu-max-prime=10000 run", "overhead_ratio": 1.4656738042831422e-09}