{"elapsed_time": 2.936957359313965, "cmd": "/usr/local/bin/sysbench --test=cpu --cpu-max-prime=10000 run", "overhead_ratio": 1.4684786796569825e-09}