{"elapsed_time": 57.78131461143494, "cmd": "/home/kronos/Tomacs-2020/spec2006-master/458.sjeng/sjeng_gcc /home/kronos/Tomacs-2020/spec2006-master/458.sjeng/ref_c1.txt", "overhead_ratio": 2.8890657305717468e-08}