{"elapsed_time": 5.222721815109253, "cmd": "/home/titan/Tomacs-2020/spec2006-master/mmultiply/mmultiply", "overhead_ratio": 5.222721815109253e-10}