{"elapsed_time": 14.246646642684937, "cmd": "/usr/bin/sysbench --test=cpu --cpu-max-prime=10000 run > /tmp/sysbench.log", "overhead_ratio": 7.123323321342468e-09}