{"elapsed_time": 14.23317551612854, "cmd": "/usr/bin/sysbench --test=cpu --cpu-max-prime=10000 run > /tmp/sysbench.log", "overhead_ratio": 7.11658775806427e-09}