{"elapsed_time": 14.455944061279297, "cmd": "/usr/bin/sysbench --test=cpu --cpu-max-prime=10000 run > /tmp/sysbench.log", "overhead_ratio": 7.227972030639649e-09}