{"elapsed_time": 14.322497844696045, "cmd": "/usr/bin/sysbench --test=cpu --cpu-max-prime=10000 run > /tmp/sysbench.log", "overhead_ratio": 7.1612489223480225e-09}