{"elapsed_time": 104.3266396522522, "cmd": "/usr/bin/sysbench --test=cpu --cpu-max-prime=10000 run > /tmp/sysbench.log", "overhead_ratio": 1.043266396522522e-07}