{"elapsed_time": 3.285005807876587, "cmd": "/usr/local/bin/sysbench --test=cpu --cpu-max-prime=10000 run", "overhead_ratio": 1.6425029039382935e-09}