{"elapsed_time": 3.295099973678589, "cmd": "/usr/local/bin/sysbench --test=cpu --cpu-max-prime=10000 run", "overhead_ratio": 1.6475499868392944e-09}