{"elapsed_time": 3.3154406547546387, "cmd": "/usr/local/bin/sysbench --test=cpu --cpu-max-prime=10000 run", "overhead_ratio": 1.6577203273773194e-09}