{"elapsed_time": 20.606030225753784, "cmd": "/usr/local/bin/sysbench --test=cpu --cpu-max-prime=10000 run", "overhead_ratio": 1.0303015112876892e-08}