{"elapsed_time": 223.59615874290466, "cmd": "/home/vignesh/Tomacs-2020/spec2006-master/458.sjeng/sjeng /home/vignesh/Tomacs-2020/spec2006-master/458.sjeng/ref_c1.txt", "overhead_ratio": 7.453205291430155e-10}