{"elapsed_time": 3.5064539909362793, "cmd": "/usr/local/bin/sysbench --max-requests=1 --test=cpu --cpu-max-prime=2000000 run", "overhead_ratio": 1.7532269954681396e-11}