{"elapsed_time": 3.708357334136963, "cmd": "/usr/local/bin/sysbench --max-requests=1 --test=cpu --cpu-max-prime=2000000 run", "overhead_ratio": 1.8541786670684815e-11}