{"elapsed_time": 104.33743238449097, "cmd": "/usr/bin/sysbench --test=cpu --cpu-max-prime=10000 run > /tmp/sysbench.log", "overhead_ratio": 1.0433743238449096e-07}