{"elapsed_time": 103.61291313171387, "cmd": "/usr/bin/sysbench --test=cpu --cpu-max-prime=10000 run > /tmp/sysbench.log", "overhead_ratio": 1.0361291313171387e-07}