{"elapsed_time": 104.84990215301514, "cmd": "/usr/bin/sysbench --test=cpu --cpu-max-prime=10000 run > /tmp/sysbench.log", "overhead_ratio": 1.0484990215301514e-07}