{"elapsed_time": 109.4131064414978, "cmd": "/usr/bin/sysbench --test=cpu --cpu-max-prime=10000 run > /tmp/sysbench.log", "overhead_ratio": 1.0941310644149781e-07}