{"elapsed_time": 1.8629732131958008, "cmd": "/home/kronos/Tomacs-2020/spec2006-master/464.h264ref/h264ref_gcc -d /home/kronos/Tomacs-2020/spec2006-master/464.h264ref/h264ref_c1.cfg", "overhead_ratio": 9.314866065979005e-10}