{"elapsed_time": 75.57394170761108, "cmd": "/home/vignesh/Tomacs-2020/spec2006-master/464.h264ref/h264ref -d /home/vignesh/Tomacs-2020/spec2006-master/464.h264ref/h264ref_c1.cfg", "overhead_ratio": 3.778697085380554e-10}