{"elapsed_time": 2.2025558948516846, "cmd": "/usr/local/bin/sysbench --max-requests=1 --test=cpu --cpu-max-prime=1000000 run", "overhead_ratio": 1.1012779474258423e-11}