{"elapsed_time": 101.54529094696045, "cmd": "/home/vignesh/Tomacs-2020/spec2006-master/464.h264ref/h264ref -d /home/vignesh/Tomacs-2020/spec2006-master/464.h264ref/h264ref_c3.cfg", "overhead_ratio": 5.077264547348023e-10}