{"elapsed_time": 13.06443738937378, "cmd": "/usr/bin/sysbench --test=cpu --cpu-max-prime=10000 run > /tmp/sysbench.log", "overhead_ratio": 6.5322186946868895e-09}