{"elapsed_time": 12.921466827392578, "cmd": "/usr/bin/sysbench --test=cpu --cpu-max-prime=10000 run > /tmp/sysbench.log", "overhead_ratio": 6.460733413696289e-09}