{"elapsed_time": 13.008335590362549, "cmd": "/usr/bin/sysbench --test=cpu --cpu-max-prime=10000 run > /tmp/sysbench.log", "overhead_ratio": 6.504167795181275e-09}