{"elapsed_time": 12.779136419296265, "cmd": "/usr/bin/sysbench --test=cpu --cpu-max-prime=10000 run > /tmp/sysbench.log", "overhead_ratio": 6.389568209648132e-09}