{"elapsed_time": 18.212312936782837, "cmd": "/usr/bin/sysbench --test=cpu --cpu-max-prime=10000 run > /tmp/sysbench.log", "overhead_ratio": 9.106156468391418e-09}