{"elapsed_time": 19.19366955757141, "cmd": "/usr/bin/sysbench --test=cpu --cpu-max-prime=10000 run > /tmp/sysbench.log", "overhead_ratio": 9.596834778785706e-09}