{"elapsed_time": 19.413797855377197, "cmd": "/usr/bin/sysbench --test=cpu --cpu-max-prime=10000 run > /tmp/sysbench.log", "overhead_ratio": 9.706898927688599e-09}