{"elapsed_time": 19.623037099838257, "cmd": "/usr/bin/sysbench --test=cpu --cpu-max-prime=10000 run > /tmp/sysbench.log", "overhead_ratio": 9.811518549919128e-09}