{"elapsed_time": 5.338877439498901, "cmd": "/usr/local/bin/sysbench --test=cpu --cpu-max-prime=10000 run", "overhead_ratio": 2.6694387197494506e-09}