{"elapsed_time": 33.13666486740112, "cmd": "/home/kronos/Tomacs-2020/spec2006-master/464.h264ref/h264ref_gcc -d /home/kronos/Tomacs-2020/spec2006-master/464.h264ref/h264ref_c1.cfg", "overhead_ratio": 1.6568332433700562e-08}