{"elapsed_time": 2.952664852142334, "cmd": "/usr/local/bin/sysbench --test=cpu --cpu-max-prime=10000 run", "overhead_ratio": 1.476332426071167e-09}