{"elapsed_time": 2.9655511379241943, "cmd": "/usr/local/bin/sysbench --test=cpu --cpu-max-prime=10000 run", "overhead_ratio": 1.4827755689620972e-09}